,hedge_ratio,sid_1,sid_2
0,[ 48.98785924 -29.25539589],BTC,SOL
1,[ 30.11781946 -29.27853154],BTC,ALGO
2,[ 54.23024868 -45.88666638],XRP,ALGO
3,[ 37.15895901 -22.42094819],ADA,SOL
4,[ 12.38333625 -27.54611978],SOL,DOGE
5,[24.87808621 -6.22007027],DOT,MATIC
6,[  8.8487027  -15.95569958],MATIC,NEAR
