,hedge_ratio,sid_1,sid_2,sid_3
0,[ 55.52173366 -15.35018623 -85.45158515],BNBUSDT,DOGEUSDT,LTCUSDT
1,[ 265.79716246    0.28371527 -247.50581087],ADAUSDT,SOLUSDT,DOTUSDT
2,[ 205.87594908   -7.09990314 -168.00206205],ADAUSDT,SOLUSDT,LINKUSDT
3,[ 266.25801427 -249.66014183   -0.32395934],ADAUSDT,DOTUSDT,DOGEUSDT
4,[ 268.65710558 -242.02754989   -7.95297652],ADAUSDT,DOTUSDT,LINKUSDT
5,[127.0686931  -39.85559995 -52.98898464],ADAUSDT,DOGEUSDT,ALGOUSDT
