,hedge_ratio,sid_1,sid_2,i
0,[  1.95982897 -14.11382845],BTC,LTC,0
1,[ 17.08613621 -22.08242989],LTC,XMR,1
2,[ 34.48599413 -28.90199492],ETC,LINK,2
3,[ 36.96754447 -30.56333656],ETC,DOT,3
4,[ 16.40538195 -35.47396278],ETC,XMR,4
5,[ 27.40202046 -15.6749558 ],ETC,NEO,5
6,[ 30.40734139 -30.61652917],LINK,DOT,6
7,[ 16.00709093 -17.71886444],ALGO,EOS,7
8,[ 35.2458141  -25.52429271],DOT,AVAX,8
9,[ 29.19722114 -20.99775679],DOT,NEO,9
10,[  6.71063284 -17.20775224],EOS,UNI,10
