,hedge_ratio,sid_1,sid_2
0,[ 39.99720662 -26.80119236],BNBUSDT,MATICUSDT
1,[ 14.14620182 -15.71251517],ADAUSDT,SOLUSDT
2,[ 19.23820245 -21.4746502 ],ADAUSDT,DOTUSDT
3,[ 13.18773267 -25.52356645],ADAUSDT,DOGEUSDT
4,[ 18.59522295 -18.88571671],ADAUSDT,LINKUSDT
5,[ 31.18427487 -34.38842873],SOLUSDT,DOTUSDT
6,[ 18.68281995 -23.097496  ],DOTUSDT,MATICUSDT
7,[ 34.24438609 -31.24406955],DOTUSDT,LINKUSDT
8,[ 37.12169062 -25.19369632],DOGEUSDT,MATICUSDT
