,hedge_ratio,sid_1,sid_2,i
0,[  8.43855839 -18.39214696],BTC,XMR,0
1,[  7.78524913 -12.76764014],ETH,UNI,1
2,[6.17727327 1.15594844],LTC,MANA,2
3,[ 10.36353502 -12.00815532],LINK,UNI,3
4,[ 13.64283426 -11.77004783],BNB,UNI,4
5,[  6.56228287 -13.39541836],DOT,UNI,5
6,[14.08746205 -1.40446568],XMR,MANA,6
