,hedge_ratio,sid_1,sid_2,i
0,[ 61.19399874 -39.06597734],ETH,XLM,0
1,[ 47.07017583 -37.41979374],ETC,LINK,1
2,[ 30.74260729 -51.00134218],ETC,XLM,2
3,[ 44.59551051 -44.98533523],ETC,DOT,3
4,[23.96407027 -8.78493235],ETC,EOS,4
5,[ 22.45255535 -22.04316071],ADA,EOS,5
6,[ 10.65472285 -14.38485183],ALGO,EOS,6
7,[ 38.11901957 -18.98388816],DOT,EOS,7
8,[ 30.39327566 -24.57796149],AVAX,EOS,8
9,[ 21.59518565 -20.89528971],NEAR,EOS,9
