,hedge_ratio,sid_1,sid_2,i
0,[  8.48927856 -18.38056723],BTC,XMR,0
1,[  8.18720428 -12.9201388 ],ETH,UNI,1
2,[6.178716   1.29095648],LTC,MANA,2
3,[14.98980209 -6.83972868],LINK,DOT,3
4,[ 10.93093085 -12.0190684 ],LINK,UNI,4
5,[ 14.05684686 -11.77878849],BNB,UNI,5
6,[  6.74405332 -13.46536223],DOT,UNI,6
7,[14.07334591 -1.35413022],XMR,MANA,7
