,hedge_ratio,sid_1,sid_2,i
0,[  7.29788193 -19.98757011],BTC,XMR,0
1,[  6.88550963 -21.30351338],ETH,XMR,1
2,[3.01705571 9.18768781],XRP,MATIC,2
3,[14.23372754 -1.00927546],BNB,SOL,3
4,[16.91519482 -6.15307014],BNB,UNI,4
5,[  1.32633068 -15.94530971],DOT,XMR,5
6,[  7.77196281 -12.8750687 ],DOT,UNI,6
