,hedge_ratio,sid_1,sid_2,i
0,[ 4.78930069 -4.88248546],UNI,AAVE,0
1,[ 4.49179745 -5.40091273],LDO,DYDX,1
2,[ 5.38405704 -3.44398978],AAVE,DYDX,2
3,[12.98571902 -7.85905297],AAVE,CAKE,3
4,[ 8.65135995 -1.36624864],AAVE,JUP,4
