,hedge_ratio,sid_1,sid_2,i
0,[ 62.83042254 -43.21053601],ETH,XLM,0
1,[ 33.25520208 -28.66235498],ETH,XMR,1
2,[ 50.30431477 -13.35788168],ETH,NEO,2
3,[ 38.0747135  -22.12648046],LINK,ALGO,3
4,[  9.75701644 -16.76415911],ALGO,EOS,4
