,hedge_ratio,sid_1,sid_2,i
0,[16.84949365  4.27564303],BTC,XLM,0
1,[ 42.43491345 -33.17052721],ETC,LINK,1
2,[ 39.7571965  -41.15333225],ETC,DOT,2
3,[ 53.06043787 -68.45312087],LINK,DOT,3
4,[28.51405099 -9.2677251 ],XLM,SOL,4
5,[ 31.97477522 -11.90518985],XLM,AVAX,5
6,[ 63.95128458 -35.77021302],DOT,NEAR,6
7,[ 26.86499248 -24.05396516],SOL,EOS,7
8,[ 37.06407566 -32.16510365],AVAX,NEAR,8
9,[ 20.66930417 -18.80637774],NEAR,EOS,9
