,hedge_ratio,sid_1,sid_2,i
0,[  2.59338    -14.45976454],BTC,LTC,0
1,[ 34.21634806 -28.13640035],ETC,LINK,1
2,[ 27.13571597 -15.50605355],ETC,NEO,2
3,[ 30.4851334  -30.91065398],LINK,DOT,3
4,[ 16.45720061 -18.08622687],ALGO,EOS,4
5,[ 35.05238442 -24.69230969],DOT,AVAX,5
