,hedge_ratio,sid_1,sid_2,i
0,[  5.91485903 -15.54467131],BTC,LTC,0
1,[ 13.22484972 -17.11462472],ETH,LTC,1
2,[ 16.69256629 -21.92019566],LTC,XMR,2
3,[ 33.79460785 -27.88947194],ETC,LINK,3
4,[ 15.57299182 -32.14155572],ETC,XMR,4
5,[ 31.09173544 -30.68776775],LINK,DOT,5
6,[ 35.96318543 -25.84226679],DOT,AVAX,6
7,[ 29.23830562 -20.94941821],DOT,NEO,7
8,[  7.08551053 -18.00872607],EOS,UNI,8
