,hedge_ratio,sid_1,sid_2
0,[ 45.58977029 -22.48494306],VN30F1M,VHM
1,[ 16.61147839 -28.29576154],VN30F1M,NVL
