,hedge_ratio,sid_1,sid_2,i
0,[ 13.3626817  -20.43247624],LTC,LINK,0
1,[ 22.05915786 -18.59548785],LINK,BNB,1
2,[  4.54581769 -18.96381717],ALGO,XMR,2
3,[19.84255827 -3.52175693],XMR,NEAR,3
4,[19.08595476 -2.44531125],XMR,MANA,4
