,hedge_ratio,sid_1,sid_2
0,[ 14.5831884  -22.68760497],ETH,BNB
1,[ 14.75215659 -29.73996108],XRP,XMR
2,[ 20.84949365 -16.8216935 ],LINK,ATOM
3,[ 27.57574471 -20.04896982],LINK,ALGO
4,[ 21.19921732 -39.15744798],LINK,DOT
5,[ 20.25230022 -20.01542553],ATOM,ALGO
6,[ 18.03271294 -38.57078096],ATOM,DOT
7,[ 12.49947687 -29.42671621],ATOM,XMR
8,[ 16.32817817 -39.0959082 ],ALGO,DOT
9,[ 34.49297425 -33.70236337],DOT,XMR
