,hedge_ratio,sid_1,sid_2,i
0,[  7.47759916 -19.32164501],BTC,XMR,0
1,[  6.79628228 -19.998008  ],ETH,XMR,1
2,[3.00194802 9.05817473],XRP,MATIC,2
3,[ 15.19611754 -19.21182568],ETC,ADA,3
4,[17.2107835  -9.22437086],BNB,UNI,4
5,[  0.92815639 -14.66614156],DOT,XMR,5
6,[  7.1350136  -12.87455252],DOT,UNI,6
