,hedge_ratio,sid_1,sid_2,i
0,[ 19.57774888 -14.27769223],ETC,ALGO,0
1,[ 21.73229812 -17.84184363],LINK,BNB,1
2,[22.00644144 -6.56656534],LINK,SOL,2
3,[  4.32952067 -18.83691229],ALGO,XMR,3
4,[  2.41407095 -17.04371413],DOT,XMR,4
5,[19.9125057  -3.72806204],XMR,NEAR,5
