,hedge_ratio,sid_1,sid_2,i
0,[  7.94061789 -19.47941212],BTC,XMR,0
1,[  7.59045984 -20.28012654],ETH,XMR,1
2,[3.08058262 9.02678275],XRP,MATIC,2
3,[ 11.01728821 -10.22006149],LINK,UNI,3
4,[15.11790899 -9.51819018],BNB,UNI,4
5,[  1.13175904 -14.90228102],DOT,XMR,5
6,[  6.92177176 -12.5893537 ],DOT,UNI,6
