,hedge_ratio,sid_1,sid_2,i
0,[19.68981335  0.02353494],BTC,XLM,0
1,[ 41.39628439 -31.74221759],ETC,LINK,1
2,[ 38.99434306 -40.70899919],ETC,DOT,2
3,[ 54.88969214 -71.62551059],LINK,DOT,3
4,[21.30698014 -6.47008132],XLM,MATIC,4
5,[ 22.19355737 -22.09548881],ADA,EOS,5
6,[ 27.05915204 -23.91974335],SOL,EOS,6
