,hedge_ratio,sid_1,sid_2
0,[ 200.04197563 -142.86295211],BTCUSDT,ETHUSDT
1,[ 65.95776793 -10.33232478],ETHUSDT,LUNAUSDT
2,[ 224.86361441 -189.62471728],ETHUSDT,AVAXUSDT
3,[ 198.57887531 -152.43805745],ETHUSDT,ATOMUSDT
4,[ 167.96553601 -164.25889153],SOLUSDT,AVAXUSDT
5,[ 155.13635484 -155.08046433],DOTUSDT,LTCUSDT
