,hedge_ratio,sid_1,sid_2
0,[ 47.54270644 -80.39289765],ETHUSDT,BNBUSDT
1,[ 40.09351271 -23.1157335 ],BNBUSDT,DOGEUSDT
2,[ 12.36511703 -27.10330601],ADAUSDT,LTCUSDT
