i,pairs,half_life,hedge_ratio,sid_1,sid_2
2,['ETC' 'AVAX'],41,[ 36.12385511 -24.15116465],ETC,AVAX
1,['ETC' 'DOT'],53,[ 34.70375472 -28.11731062],ETC,DOT
3,['ETC' 'NEAR'],53,[ 31.76720606 -15.01872808],ETC,NEAR
6,['LINK' 'DOT'],74,[ 26.87592688 -12.94490776],LINK,DOT
13,['AVAX' 'XMR'],79,[  7.35728251 -26.47632051],AVAX,XMR
11,['SOL' 'XMR'],83,[ 15.13237946 -26.01955723],SOL,XMR
7,['ADA' 'XMR'],98,[  7.43848311 -22.85287198],ADA,XMR
