i,pairs,half_life,hedge_ratio,sid_1,sid_2
4,['BNB' 'UNI'],137,[15.11790899 -9.51819018],BNB,UNI
6,['DOT' 'UNI'],138,[  6.92177176 -12.5893537 ],DOT,UNI
2,['XRP' 'MATIC'],140,[3.08058262 9.02678275],XRP,MATIC
0,['BTC' 'XMR'],149,[  7.94061789 -19.47941212],BTC,XMR
1,['ETH' 'XMR'],156,[  7.59045984 -20.28012654],ETH,XMR
3,['LINK' 'UNI'],165,[ 11.01728821 -10.22006149],LINK,UNI
5,['DOT' 'XMR'],207,[  1.13175904 -14.90228102],DOT,XMR
