i,pairs,half_life,hedge_ratio,sid_1,sid_2
3,['LINK' 'DOT'],1356,[14.98980209 -6.83972868],LINK,DOT
6,['DOT' 'UNI'],1360,[  6.74405332 -13.46536223],DOT,UNI
1,['ETH' 'UNI'],1466,[  8.18720428 -12.9201388 ],ETH,UNI
5,['BNB' 'UNI'],1662,[ 14.05684686 -11.77878849],BNB,UNI
4,['LINK' 'UNI'],1669,[ 10.93093085 -12.0190684 ],LINK,UNI
