i,pairs,half_life,hedge_ratio,sid_1,sid_2
9,['ADA' 'DOT'],406,[ 32.85639403 -36.13017106],ADA,DOT
1,['XRP' 'XLM'],488,[ 30.80888326 -21.34787836],XRP,XLM
11,['DOT' 'UNI'],613,[ 15.45584297 -22.84175922],DOT,UNI
12,['SOL' 'UNI'],631,[  4.86154216 -19.20014071],SOL,UNI
0,['XRP' 'LINK'],958,[ 16.63136002 -16.27001118],XRP,LINK
3,['XRP' 'UNI'],1109,[ 15.04937626 -13.08880738],XRP,UNI
