i,pairs,half_life,hedge_ratio,sid_1,sid_2
1,['ETH' 'XMR'],443,[  6.88550963 -21.30351338],ETH,XMR
0,['BTC' 'XMR'],450,[  7.29788193 -19.98757011],BTC,XMR
2,['XRP' 'MATIC'],487,[3.01705571 9.18768781],XRP,MATIC
4,['BNB' 'UNI'],581,[16.91519482 -6.15307014],BNB,UNI
6,['DOT' 'UNI'],585,[  7.77196281 -12.8750687 ],DOT,UNI
3,['BNB' 'SOL'],601,[14.23372754 -1.00927546],BNB,SOL
5,['DOT' 'XMR'],622,[  1.32633068 -15.94530971],DOT,XMR
