i,pairs,half_life,hedge_ratio,sid_1,sid_2
2,['BTC' 'DOT'],118,[217.05144829 -48.22764917],BTC,DOT
3,['BTC' 'MATIC'],119,[249.42247536 -80.17023355],BTC,MATIC
1,['BTC' 'XLM'],137,[199.9436857  -64.41679981],BTC,XLM
0,['BTC' 'ETH'],165,[199.70400985 -46.09746251],BTC,ETH
4,['BTC' 'UNI'],169,[179.123323   -29.32427795],BTC,UNI
6,['XRP' 'DOT'],253,[39.50630221 15.9478775 ],XRP,DOT
10,['MANA' 'UNI'],452,[  1.10187785 -38.29189967],MANA,UNI
